VisitDate,PatientFullName,PatientCity,DoctorFullName,ProcedureName,ProcedureVisitCharge
2005-01-01,Thierry Blanco,Redmond,Ben Goldstein,Abdominal x-ray NEC,342
2005-01-01,Joy Cereghino,Redmond,Ben Goldstein,Skel xray-elbow | forearm,388
2005-01-01,Anton Desalvo,Bellevue,Ben Goldstein,IVUS intrathoracic ves,568
2005-01-01,Yvonne Lewin,Bothell,Ben Goldstein,Ther ult peripheral ves,435
2005-01-01,Dominic Christie,Bellevue,Ben Goldstein,Skel xray-ankle & foot,345
2005-01-02,Matthias Chesnut,Lynnwood,Kevin Mitchell,Interview & evaluat NOS,188
2005-01-02,Alan Haugh,Lynnwood,Kevin Mitchell,Contrast arthrogram,238
2005-01-02,Frank Gage,Redmond,Kevin Mitchell,IVUS coronary vessels,488
2005-01-02,Jacob Chandler,Redmond,Kevin Mitchell,Skel xray-elbow | forearm,388
2005-01-02,Grant Johnson,Bellevue,Kevin Mitchell,Retroperitoneal xray NEC,234
2005-01-02,Julie Beck,Redmond,Kevin Mitchell,Skel xray-wrist & hand,388
2005-01-02,Kay Lisboa,Bellevue,Kevin Mitchell,Skel xray-thigh | knee | leg,452
2005-01-02,Dylan McGuigan,Lynnwood,Elizabeth Berndt,Brief interview & evalua,188
2005-01-02,Nieves Kim,Redmond,Elizabeth Berndt,Limited consultation,288
2005-01-02,Dylan Byham,Bellevue,Elizabeth Berndt,Skeletal series x-ray,343
2005-01-02,Dominic Christie,Bellevue,Kevin Mitchell,Consultation NEC,288
2005-01-03,Kerim Johns,Bellevue,Laura German,Dx ultrasound-head | neck,488
2005-01-03,Elsa Burnett,Bellevue,Laura German,Intravascul imaging NOS,488
2005-01-03,Timothy Hanif,Bellevue,Laura German,Dx ultrasound-abdomen,348
2005-01-03,Andy Carothers,Lynnwood,Johnny Kogan,Ther ult head & neck ves,348
2005-01-03,Keith D'sa,Bellevue,Laura German,Dx ultrasound-digestive,388
2005-01-03,Glenn Blanco,Bellevue,Laura German,Dx ultrasound-abdomen,348
2005-01-03,Dorothy Kennedy,Redmond,Laura German,Limited interview | evalua,188
2005-01-03,Randall French,Redmond,Johnny Kogan,Lo limb sft tis xray NEC,388
2005-01-03,Sairaj Lyeba,Redmond,Laura German,Skeletal series x-ray,343
2005-01-04,Robert Kelly,Woodnville,Laura German,Ther ult head & neck ves,348
2005-01-04,Douglas Lucerne,Bellevue,Laura German,Dx ultrasound-heart,588
2005-01-04,Matthias Chesnut,Lynnwood,Kevin Mitchell,Retroperitoneal xray NEC,234
2005-01-04,David Chambers,Lynnwood,Laura German,Consultation NOS,288
2005-01-04,Marjorie Heaney,Lynnwood,Laura German,Dx ultrasound-head | neck,488
2005-01-04,Cheryl Tedford,Bothell,Laura German,Dx ultrasound-heart,588
2005-01-04,Christie Thompson,Mill Creek,Laura German,X-ray NEC and NOS,188
2005-01-04,Kendra Tatman,Redmond,Laura German,Dx ultrasound-vascular,548
2005-01-05,Maciej Heaney,Redmond,Robert Hodges,Brief interview & evalua,188
2005-01-05,Shaun Kitt,Lynnwood,Robert Hodges,Dx ultrasound-abdomen,348
2005-01-05,Erin Mays,Mill Creek,Robert Hodges,Dx ultrasound-vascular,548
2005-01-05,Marlin Chambers,Woodnville,Robert Hodges,Lower limb lymphangiogrm,258
2005-01-05,James Van Houten,Lynnwood,Robert Hodges,Consultation NEC,288
2005-01-05,Teresa Clark,Lynnwood,Robert Hodges,Upper limb lymphangiogrm,348
2005-01-05,Todd Harris,Woodnville,Michael John Greer,Intravascul imaging NEC,488
2005-01-05,Kathie Vasquez,Bellevue,Robert Hodges,Intravascul imaging NEC,488
2005-01-06,Christian Carmichael,Woodnville,Lee Casts,not otherwise specified Skel xray-upper limb NOS,488
2005-01-06,Neva Keyser,Bellevue,Lee Casts,Intravascul imaging NOS,488
2005-01-06,Robert Thompson,Bellevue,Lee Casts,Consultation NEC,288
2005-01-06,Robert Finley,Lynnwood,Lee Casts,Skel xray-ankle & foot,345
2005-01-06,Eva Bockenkamp,Redmond,Lee Casts,IVUS coronary vessels,488
2005-01-07,Robert Finley,Redmond,Michael John Greer,Dx ultrasound-heart,588
2005-01-07,Joseph Houston,Woodnville,Michael John Greer,IVUS peripheral vessels,488
2005-01-07,Lucy Bailey,Bellevue,George Abercrombie,Skel xray-wrist & hand,388
2005-01-07,Thomas Vargas,Lynnwood,Michael John Greer,Pelvimetry,488
2005-01-07,Jimmy Venugopal,Redmond,Michael John Greer,Consultation NOS,288
2005-01-07,Jeffrey Davis,Lynnwood,Michael John Greer,Dx ultrasound-head | neck,488
2005-01-07,Sandra Hagens,Bellevue,Michael John Greer,Pelvimetry,488
2005-01-07,Guy Lepro,Bellevue,George Abercrombie,Brief interview & evalua,188
2005-01-08,Helge Krane,Mill Creek,Kevin Mitchell,Dx ultrasound NEC,345
2005-01-08,Daniel Track,Lynnwood,Rudolph Ison,not otherwise specified Skel xray-upper limb NOS,488
2005-01-08,Frances Davis,Bellevue,Kevin Mitchell,Ultrasound study of eye,423
2005-01-08,Janet Galos,Lynnwood,Rudolph Ison,Dx ultrasound-digestive,388
2005-01-08,Anthony D'sa,Bellevue,Kevin Mitchell,Interview & evaluat NOS,188
2005-01-08,Shannon Cunningham,Bellevue,Kevin Mitchell,Dx ultrasound-thorax NEC,588
2005-01-08,Samuel Toone,Bothell,Rudolph Ison,Limited interview | evalua,188
2005-01-08,James Deborde,Bellevue,Rudolph Ison,Interview & evaluat NEC,188
2005-01-09,Edna D'Hers,Lynnwood,Mihail Kim,Limited interview | evalua,188
2005-01-09,Scott Desai,Redmond,Mihail Kim,Limited consultation,288
2005-01-09,Dylan Byham,Bellevue,Mihail Kim,IVUS intrathoracic ves,568
2005-01-09,Mary Tatman,Bellevue,Mihail Kim,Dx ultrasound-abdomen,348
2005-01-09,James Van Houten,Lynnwood,Mihail Kim,Other skeletal x-ray,788
2005-01-09,Nancy Huff,Bellevue,George Abercrombie,Dx ultrasound-thorax NEC,588
2005-01-09,Gary Benson,Lynnwood,Mihail Kim,Limited interview | evalua,188
2005-01-09,Andrew Alpuerto,Woodnville,Mihail Kim,Dx ultrasound-grav uter,652
2005-01-09,Eugene Thompson,Redmond,George Abercrombie,Limited interview | evalua,188
2005-01-09,Denean De Matos Miranda Filho,Bellevue,Mihail Kim,Dx ultrasound-urinary,678
2005-01-09,Dylan Bustamante,Bothell,Mihail Kim,IVUS coronary vessels,488
2005-01-10,Joyce Huff,Redmond,Mihail Kim,Comprehen interview | eval,188
2005-01-10,John McLin,Mill Creek,Mihail Kim,Intravascul imaging NOS,488
2005-01-10,Douglas Lucerne,Bellevue,Mihail Kim,Consultation NEC,288
2005-01-10,Nieves Kim,Redmond,Mihail Kim,Ther ult head & neck ves,348
2005-01-10,Alan Track,Redmond,Mihail Kim,Skel xray-thigh | knee | leg,452
2005-01-10,Frank Gage,Redmond,Mihail Kim,Other skeletal x-ray,788
2005-01-10,Keith Gash,Redmond,Mihail Kim,X-ray NEC and NOS,188
2005-01-10,Bonnie Looney,Bellevue,Mihail Kim,Skel xray-ankle & foot,345
2005-01-10,Yvonne Krupka,Bellevue,Mihail Kim,Ultrasound study of eye,423
2005-01-11,Terry Leavitt,Bellevue,Laura German,Dx ultrasound-abdomen,348
2005-01-11,Joseph Alpuerto,Lynnwood,Laura German,Retroperitoneal xray NEC,234
2005-01-11,Joe Stevens,Bellevue,Robert Hodges,Retroperitoneal xray NEC,234
2005-01-11,Kay Suffin,Mill Creek,Laura German,Ther ultrasound of heart,438
2005-01-11,Brian Lucerne,Lynnwood,Laura German,Interview & evaluat NOS,188
2005-01-11,Carol Hernandez,Bellevue,Laura German,Other skeletal x-ray,788
2005-01-11,Kendra Harrington,Woodnville,Laura German,not otherwise specified Skel xray-upper limb NOS,488
2005-01-11,Robin Mitchell,Mill Creek,Robert Hodges,Ther ultrasound of heart,438
2005-01-11,Janet Taylor,Bellevue,Laura German,Retroperitoneal xray NEC,234
2005-01-11,Marjorie Heaney,Lynnwood,Laura German,Intravascul imaging NOS,488
2005-01-11,Dominic Christie,Bellevue,Laura German,IVUS renal vessels,588
2005-01-12,Lee Maxwell,Redmond,Lee Casts,Ther ult peripheral ves,435
2005-01-12,Shaun Kitt,Lynnwood,Lee Casts,Skl xray-shoulder | up arm,388
2005-01-12,Mari Allen,Bellevue,Michael John Greer,Up limb sft tis xray NEC,788
2005-01-12,Karan Campen,Redmond,Lee Casts,Contrast arthrogram,238
2005-01-12,Lawrence Cooper,Lynnwood,Michael John Greer,Abdominal x-ray NEC,342
2005-01-12,Kevin Blanton,Redmond,Michael John Greer,Abdominal x-ray NEC,342
2005-01-12,Helen Evans,Redmond,Michael John Greer,Pelvimetry,488
2005-01-13,Leo Smith,Bellevue,Johnny Kogan,Dx ultrasound-digestive,388
2005-01-13,Yvonne Krupka,Bellevue,Ben Goldstein,Skl xray-shoulder | up arm,388
2005-01-13,Teresa Harui,Bellevue,Ben Goldstein,Dx ultrasound-vascular,548
2005-01-13,Kari Brown,Bellevue,Johnny Kogan,Dx ultrasound NEC,345
2005-01-13,Barry Masters,Woodnville,Johnny Kogan,Contrast arthrogram,238
2005-01-13,Shirley Brunner,Redmond,Ben Goldstein,IVUS intrathoracic ves,568
2005-01-13,George Alan,Bothell,Johnny Kogan,Dx ultrasound-head | neck,488
2005-01-14,Megan Houston,Redmond,Lee Casts,X-ray NEC and NOS,188
2005-01-14,Jean Hodges,Bellevue,Lee Casts,Ultrasound study of eye,423
2005-01-14,Jared Stotler,Woodnville,Lee Casts,Other C.A.T. scan,788
2005-01-15,Krishna Lewin,Bellevue,Mihail Kim,Comprehen interview | eval,188
2005-01-15,Wanda Burke,Bothell,Mihail Kim,Skeletal series x-ray,343
2005-01-15,Frank D'sa,Bellevue,Mihail Kim,Ther ult head & neck ves,348
2005-01-15,Eva Choin,Bellevue,Mihail Kim,X-ray NEC and NOS,188
2005-01-15,Mark Duncan,Bellevue,Mihail Kim,Consultation NOS,288
2005-01-15,Fran�ois Cooper,Redmond,Johnny Kogan,IVUS coronary vessels,488
2005-01-15,Lola Burke,Bellevue,Johnny Kogan,Dx ultrasound-heart,588
2005-01-15,Mihail Blackwell,Bothell,Mihail Kim,Ther ult head & neck ves,348
2005-01-16,Marvin Bright,Bellevue,George Abercrombie,Ther ult peripheral ves,435
2005-01-16,Luis Maynard,Lynnwood,Michael John Greer,Ultrasound study of eye,423
2005-01-16,Alan Kaliyath,Bellevue,Michael John Greer,Interview & evaluat NEC,188
2005-01-16,Brian Drury,Bellevue,Michael John Greer,Ther ultrasound of heart,438
2005-01-16,Ryan Colon,Bothell,Michael John Greer,Interview & evaluat NOS,188
2005-01-16,John Jiang,Woodnville,George Abercrombie,Skel xray-pelvis | hip NEC,345
2005-01-16,Sandra Jacobs,Lynnwood,Michael John Greer,Skel xray-lower limb NOS,538
2005-01-16,Scott Valle,Lynnwood,Michael John Greer,Dx ultrasound-head | neck,488
2005-01-16,Curtis Kurniawan,Bothell,Michael John Greer,Skel xray-elbow | forearm,388
2005-01-16,John Alberts,Lynnwood,George Abercrombie,Dx ultrasound-digestive,388
2005-01-17,Mike Steiner,Lynnwood,Kelly Steiner,Skl xray-shoulder | up arm,388
2005-01-17,Stacey Suffin,Bellevue,Lee Casts,Upper limb lymphangiogrm,348
2005-01-17,Nieves Kim,Redmond,Lee Casts,Abdominal x-ray NEC,342
2005-01-17,Eli Harris,Bellevue,Elizabeth Berndt,Limited consultation,288
2005-01-17,Sandeep Canuto,Lynnwood,Lee Casts,Comprehensive consultattation,288
2005-01-17,Lindsey Johns,Bellevue,Elizabeth Berndt,IVUS renal vessels,588
2005-01-18,Peter Blackwell,Bellevue,George Abercrombie,Brief interview & evalua,188
2005-01-18,Kayla Geist,Redmond,George Abercrombie,Limited consultation,288
2005-01-18,Jane Benson,Bellevue,George Abercrombie,not otherwise specified Skel xray-upper limb NOS,488
2005-01-18,Raja Lengel,Woodnville,Michael John Greer,Intravascul imaging NEC,488
2005-01-18,Marjorie Evans,Bellevue,George Abercrombie,Skel xray-pelvis | hip NEC,345
2005-01-19,Shaun Kitt,Lynnwood,Mihail Kim,Dx ultrasound-head | neck,488
2005-01-19,Joy Vasquez,Lynnwood,Mihail Kim,IVUS renal vessels,588
2005-01-19,Yuhong Krane,Bothell,Mihail Kim,Up limb sft tis xray NEC,788
2005-01-19,Christian Beasley,Redmond,Mihail Kim,IVUS peripheral vessels,488
2005-01-19,Bonnie Looney,Bellevue,Mihail Kim,Ther ult head & neck ves,348
2005-01-19,John Gimmi,Redmond,Mihail Kim,Other skeletal x-ray,788
2005-01-19,Ann Emory,Bellevue,Mihail Kim,Abdominal x-ray NEC,342
2005-01-19,Robert Groncki,Mill Creek,Mihail Kim,X-ray NEC and NOS,188
2005-01-20,Jimmy Venugopal,Redmond,Lee Casts,Dx ultrasound-urinary,678
2005-01-20,Abigail Bready,Bellevue,Lee Casts,IVUS coronary vessels,488
2005-01-20,Lola Burke,Bellevue,Lee Casts,X-ray NEC and NOS,188
2005-01-20,Melissa Dickmann,Mill Creek,Lee Casts,Dx ultrasound NEC,345
2005-01-20,Joshua Maccietto,Bothell,Lee Casts,Skel xray-lower limb NOS,538
2005-01-20,Bonnie Dickmann,Bellevue,Lee Casts,IVUS coronary vessels,488
2005-01-20,Mike Suess,Bellevue,Lee Casts,IVUS intrathoracic ves,568
2005-01-20,Robert Kelly,Woodnville,Lee Casts,Consultation NEC,288
2005-01-20,Richard Huntsman,Lynnwood,Lee Casts,Consultation NEC,288
2005-01-20,Donald Maxwell,Bellevue,Lee Casts,Dx ultrasound-heart,588
2005-01-21,Terry Leavitt,Bellevue,Johnny Kogan,Skeletal series x-ray,343
2005-01-21,J�sus D'sa,Bellevue,Johnny Kogan,Limited interview | evalua,188
2005-01-21,Stephen Harui,Redmond,Johnny Kogan,Dx ultrasound-abdomen,348
2005-01-21,Erin Mays,Mill Creek,Johnny Kogan,X-ray NEC and NOS,188
2005-01-21,Mark Harui,Bothell,Laura German,Up limb sft tis xray NEC,788
2005-01-21,Yao-Qiang Bruno,Bellevue,Johnny Kogan,Retroperitoneal xray NEC,234
2005-01-21,Mark Harui,Bothell,Johnny Kogan,Dx ultrasound-urinary,678
2005-01-21,Shanay D'Hers,Woodnville,Johnny Kogan,Other C.A.T. scan,788
2005-01-21,Jeffrey Davis,Lynnwood,Laura German,Dx ultrasound-vascular,548
2005-01-22,Robert Baldwin,Bellevue,Alan Frintu,Other C.A.T. scan,788
2005-01-22,Gabriele Hendricks,Bellevue,George Abercrombie,Dx ultrasound-vascular,548
2005-01-22,Frank Hernandez,Bothell,George Abercrombie,IVUS peripheral vessels,488
2005-01-22,Ryan Casts,Lynnwood,Alan Frintu,Dx ultrasound-abdomen,348
2005-01-23,Lee Maxwell,Redmond,Ben Goldstein,Skel xray-elbow | forearm,388
2005-01-23,Karan Lyon,Woodnville,Ben Goldstein,Dx ultrasound-vascular,548
2005-01-23,Donald Carreras,Bellevue,George Abercrombie,Interview & evaluat NOS,188
2005-01-23,Bonnie Dickmann,Bellevue,George Abercrombie,Comprehensive consultattation,288
2005-01-23,Jill Bonifaz,Lynnwood,Ben Goldstein,Skel xray-ankle & foot,345
2005-01-23,Diane Bright,Bothell,Ben Goldstein,Up limb sft tis xray NEC,788
2005-01-24,Pei Miller,Bellevue,Laura German,Skel xray-thigh | knee | leg,452
2005-01-24,Bonnie Mitzner,Lynnwood,Laura German,X-ray NEC and NOS,188
2005-01-24,Jack Geist,Bellevue,Laura German,Skel xray-pelvis | hip NEC,345
2005-01-24,Cheryl Brundage,Lynnwood,Laura German,Retroperitoneal xray NEC,234
2005-01-24,Lee Avalos,Redmond,Laura German,Interview & evaluat NOS,188
2005-01-24,Karren Groth,Redmond,George Abercrombie,Skel xray-wrist & hand,388
2005-01-24,Kay Hagens,Woodnville,Laura German,Other C.A.T. scan,788
2005-01-24,Phyllis Kurniawan,Bellevue,George Abercrombie,Lower limb lymphangiogrm,258
2005-01-25,Andy Drury,Woodnville,Mihail Kim,Dx ultrasound-thorax NEC,588
2005-01-25,Stanley McPhearson,Lynnwood,Mihail Kim,Pelvimetry,488
2005-01-25,Jimmy Stefani,Redmond,Mihail Kim,IVUS coronary vessels,488
2005-01-25,Amy Lisboa,Redmond,Mihail Kim,Ultrasound study of eye,423
2005-01-25,Robert Miller,Bellevue,Mihail Kim,Comprehensive consultattation,288
2005-01-25,Robert Trent,Woodnville,Mihail Kim,Interview & evaluat NEC,188
2005-01-26,Matthew Alderson,Bothell,Michael John Greer,Dx ultrasound-thorax NEC,588
2005-01-26,Sandeep Canuto,Lynnwood,Michael John Greer,IVUS coronary vessels,488
2005-01-26,David Bustamante,Lynnwood,Michael John Greer,Abdominal x-ray NEC,342
2005-01-27,Laura Ganio,Bellevue,George Abercrombie,Skl xray-shoulder | up arm,388
2005-01-27,Alan Hamilton,Lynnwood,George Abercrombie,Other C.A.T. scan,788
2005-01-27,Jo Khan,Redmond,George Abercrombie,Contrast arthrogram,238
2005-01-27,Paul Gilbert,Lynnwood,George Abercrombie,IVUS renal vessels,588
2005-01-27,Randall Hagens,Redmond,George Abercrombie,Lo limb sft tis xray NEC,388
2005-01-28,Carlton Mew,Lynnwood,Robert Hodges,Skel xray-elbow | forearm,388
2005-01-28,Ted Lique,Woodnville,Robert Hodges,Limited consultation,288
2005-01-28,John Johnson,Redmond,Robert Hodges,Limited consultation,288
2005-01-28,Connie Tench,Woodnville,Robert Hodges,Intravascul imaging NEC,488
2005-01-28,Deepak Styles,Mill Creek,George Abercrombie,Skel xray-ankle & foot,345
2005-01-28,Ann Jordan,Bellevue,Robert Hodges,IVUS coronary vessels,488
2005-01-28,Robert Coriell,Bellevue,Robert Hodges,Other skeletal x-ray,788
2005-01-29,Payton Giglio,Bellevue,Mihail Kim,Dx ultrasound NEC,345
2005-01-29,Keith Suffin,Mill Creek,Mihail Kim,IVUS peripheral vessels,488
2005-01-29,Richard Alexander,Bellevue,Alan Frintu,Contrast arthrogram,238
2005-01-29,Denean Hill,Mill Creek,Alan Frintu,Consultation NEC,288
2005-01-29,Della Corets,Redmond,Mihail Kim,Ther ult peripheral ves,435
2005-01-29,Randall Vandenouer,Lynnwood,Mihail Kim,Contrast arthrogram,238
2005-01-30,Josh McCarty,Redmond,Rudolph Ison,Interview & evaluat NOS,188
2005-01-30,Jeffrey Khan,Lynnwood,Michael John Greer,Contrast arthrogram,238
2005-01-30,Guy Lepro,Bellevue,Michael John Greer,Limited consultation,288
2005-01-30,Jeffrey Trujillo,Lynnwood,Michael John Greer,Ther ultrasound of heart,438
2005-01-30,Kim Logan,Redmond,Rudolph Ison,Dx ultrasound-digestive,388
2005-01-30,Gail Carroll,Bellevue,Rudolph Ison,Dx ultrasound-vascular,548
2005-01-30,Steve Gilbert,Mill Creek,Rudolph Ison,Interview & evaluat NEC,188
2005-01-30,Billy Kim,Mill Creek,Rudolph Ison,not otherwise specified Skel xray-upper limb NOS,488
2005-01-30,Ted Lique,Woodnville,Michael John Greer,Skel xray-pelvis | hip NEC,345
2005-01-31,Clarence Byham,Redmond,Kevin Mitchell,Limited consultation,288
2005-01-31,Vassar Davis,Redmond,Kevin Mitchell,Skel xray-ankle & foot,345
2005-01-31,Marcia Irwin,Bothell,Laura German,Ultrasound study of eye,423
2005-01-31,Scott Coriell,Bellevue,Kevin Mitchell,Lo limb sft tis xray NEC,388
2005-01-31,Wanda Manzanares,Bellevue,Laura German,Limited interview | evalua,188
2005-02-01,Marjorie Kirilov,Lynnwood,Elizabeth Berndt,Upper limb lymphangiogrm,348
2005-02-01,Stacey Kitt,Bothell,Elizabeth Berndt,Contrast arthrogram,238
2005-02-01,Robert Miller,Bellevue,Ben Goldstein,Consultation NOS,288
2005-02-01,Vance Handley,Bellevue,Elizabeth Berndt,Dx ultrasound-thorax NEC,588
2005-02-01,Gary Allen,Redmond,Elizabeth Berndt,Dx ultrasound-urinary,678
2005-02-01,Geri Vernon,Redmond,Ben Goldstein,Interview & evaluat NOS,188
2005-02-01,George Camargo,Lynnwood,Elizabeth Berndt,Skel xray-lower limb NOS,538
2005-02-02,Stephen Harui,Redmond,Elizabeth Berndt,Skel xray-pelvis | hip NEC,345
2005-02-02,Derek Justice,Woodnville,Mihail Kim,Comprehen interview | eval,188
2005-02-02,Anton Desalvo,Bellevue,Elizabeth Berndt,Dx ultrasound-head | neck,488
2005-02-02,Brenda Vasquez,Redmond,Mihail Kim,not otherwise specified Skel xray-upper limb NOS,488
2005-02-02,Helen Finley,Redmond,Elizabeth Berndt,Skeletal series x-ray,343
2005-02-02,Carol Calone,Bellevue,Elizabeth Berndt,Skel xray-wrist & hand,388
2005-02-02,Elizabeth Alpuerto,Bellevue,Elizabeth Berndt,Skel xray-thigh | knee | leg,452
2005-02-02,Andrew Carothers,Lynnwood,Elizabeth Berndt,Skel xray-thigh | knee | leg,452
2005-02-02,John McLin,Mill Creek,Elizabeth Berndt,IVUS extracran cereb ves,448
2005-02-03,Roger Greer,Redmond,Kevin Mitchell,Skeletal series x-ray,343
2005-02-03,David Bustamante,Lynnwood,Kevin Mitchell,Ultrasound study of eye,423
2005-02-03,Grant Johnson,Bellevue,Johnny Kogan,Other C.A.T. scan,788
2005-02-04,Mark Duncan,Bellevue,Mihail Kim,Skel xray-pelvis | hip NEC,345
2005-02-04,Delia Huff,Redmond,Mihail Kim,Dx ultrasound-grav uter,652
2005-02-04,Jean Clark,Bothell,Johnny Kogan,Skel xray-lower limb NOS,538
2005-02-04,Eric Marshall,Bothell,Johnny Kogan,Dx ultrasound-heart,588
2005-02-04,Judy Lucerne,Mill Creek,Johnny Kogan,Limited consultation,288
2005-02-04,Samuel Toone,Bothell,Johnny Kogan,Skl xray-shoulder | up arm,388
2005-02-05,Marjorie Ecoffey,Bellevue,Kelly Steiner,Dx ultrasound-heart,588
2005-02-05,Andrea Ison,Bothell,Rudolph Ison,Upper limb lymphangiogrm,348
2005-02-05,Shanay Alberts,Redmond,Rudolph Ison,IVUS intrathoracic ves,568
2005-02-05,Peggy Kesslep,Bellevue,Rudolph Ison,Intravascul imaging NOS,488
2005-02-05,Janet Stevens,Redmond,Rudolph Ison,Dx ultrasound-digestive,388
2005-02-05,Willie Chor,Bellevue,Kelly Steiner,Other C.A.T. scan,788
2005-02-05,Eric Erickson,Bellevue,Kelly Steiner,Dx ultrasound-heart,588
2005-02-05,Ted Lique,Woodnville,Rudolph Ison,Lo limb sft tis xray NEC,388
2005-02-05,Joseph Houston,Woodnville,Kelly Steiner,Upper limb lymphangiogrm,348
2005-02-06,Kathie Vasquez,Bellevue,Kevin Mitchell,Limited consultation,288
2005-02-06,Jimmy Stefani,Redmond,Kevin Mitchell,Dx ultrasound-grav uter,652
2005-02-06,Mary Vargas,Bellevue,Robert Hodges,Comprehen interview | eval,188
2005-02-06,Stacey D'Hers,Bothell,Robert Hodges,Dx ultrasound NEC,345
2005-02-07,Yuping Liu,Lynnwood,Kevin Mitchell,Dx ultrasound-vascular,548
2005-02-07,Steve Deborde,Bellevue,Kevin Mitchell,Ultrasound study of eye,423
2005-02-07,Jennifer Berger,Redmond,Elizabeth Berndt,Pelvimetry,488
2005-02-07,Joan Carmody,Lynnwood,Kevin Mitchell,Skel xray-wrist & hand,388
2005-02-07,Oscar Coffman,Mill Creek,Kevin Mitchell,Consultation NEC,288
2005-02-08,Raquel Giakoumakis,Bellevue,Alan Frintu,IVUS renal vessels,588
2005-02-08,Katherine Caldwell,Bellevue,Alan Frintu,Skel xray-thigh | knee | leg,452
2005-02-08,Robert Cannon,Mill Creek,Alan Frintu,Ther ultrasound of heart,438
2005-02-08,Cindy Creasey,Lynnwood,Alan Frintu,IVUS peripheral vessels,488
2005-02-08,Anita Bremer,Redmond,George Abercrombie,Other skeletal x-ray,788
2005-02-09,Donald Tench,Bellevue,Mihail Kim,Dx ultrasound-vascular,548
2005-02-09,Scott Bruner,Mill Creek,Mihail Kim,Skel xray-thigh | knee | leg,452
2005-02-09,Josh McCarty,Redmond,Mihail Kim,IVUS peripheral vessels,488
2005-02-09,Patricia Konersmann,Mill Creek,Mihail Kim,IVUS peripheral vessels,488
2005-02-09,Richard Garza,Redmond,Mihail Kim,Brief interview & evalua,188
2005-02-09,David Christie,Lynnwood,Mihail Kim,Limited consultation,288
2005-02-09,A. Liu,Lynnwood,George Abercrombie,Dx ultrasound-abdomen,348
2005-02-10,Roger Haugh,Redmond,Laura German,Dx ultrasound-heart,588
2005-02-10,Margaret Sutton,Lynnwood,Laura German,Dx ultrasound-head | neck,488
2005-02-10,Cory Trujillo,Redmond,Laura German,Comprehensive consultattation,288
2005-02-10,Jovita Carothers,Redmond,Laura German,Intravascul imaging NOS,488
2005-02-10,Brian Tench,Bellevue,Kevin Mitchell,Dx ultrasound-abdomen,348
2005-02-10,Stacey D'Hers,Bothell,Kevin Mitchell,Dx ultrasound-abdomen,348
2005-02-11,Gerald Agcaoili,Redmond,Kevin Mitchell,IVUS renal vessels,588
2005-02-11,Betty Michaels,Redmond,Kevin Mitchell,Retroperitoneal xray NEC,234
2005-02-11,Maciej Caprio,Bellevue,Kevin Mitchell,Dx ultrasound-head | neck,488
2005-02-11,Scott Bruner,Mill Creek,Kevin Mitchell,Brief interview & evalua,188
2005-02-11,Robert MacDonald,Mill Creek,Lee Casts,Skel xray-pelvis | hip NEC,345
2005-02-11,Brian Jacobson,Redmond,Kevin Mitchell,Skl xray-shoulder | up arm,388
2005-02-11,Barry Kim,Lynnwood,Lee Casts,IVUS peripheral vessels,488
2005-02-11,Scott Bruner,Mill Creek,Lee Casts,Ther ult head & neck ves,348
2005-02-11,Michelle Ferrier,Lynnwood,Kevin Mitchell,Dx ultrasound-thorax NEC,588
2005-02-11,Robert Harrington,Bellevue,Kevin Mitchell,Lower limb lymphangiogrm,258
2005-02-11,Connie Tench,Woodnville,Lee Casts,Interview & evaluat NOS,188
2005-02-11,Teresa Clark,Lynnwood,Lee Casts,IVUS intrathoracic ves,568
2005-02-12,Alexander Thompson,Woodnville,Lee Casts,Limited consultation,288
2005-02-12,Ann Lepro,Bellevue,Alan Frintu,Dx ultrasound NEC,345
2005-02-12,Twanna Booth,Lynnwood,Alan Frintu,Abdominal x-ray NEC,342
2005-02-12,Forrest Lee,Mill Creek,Lee Casts,Dx ultrasound-head | neck,488
2005-02-12,Stephen Gage,Lynnwood,Alan Frintu,Intravascul imaging NOS,488
2005-02-13,Mike Steiner,Lynnwood,Mihail Kim,IVUS renal vessels,588
2005-02-13,Ann Uppal,Redmond,Elizabeth Berndt,Comprehen interview | eval,188
2005-02-13,Janeth Kleinerman,Redmond,Elizabeth Berndt,Brief interview & evalua,188
2005-02-13,Katherine Evans,Bellevue,Elizabeth Berndt,Comprehen interview | eval,188
2005-02-13,Jared Konersmann,Bellevue,Elizabeth Berndt,Dx ultrasound NEC,345
2005-02-13,Rhoda Geist,Bellevue,Elizabeth Berndt,Interview & evaluat NEC,188
2005-02-13,Nkenge Steelman,Bellevue,Elizabeth Berndt,not otherwise specified Skel xray-upper limb NOS,488
2005-02-14,Rose Cavendish,Lynnwood,Rudolph Ison,Interview & evaluat NEC,188
2005-02-14,Kevin Flood,Woodnville,Rudolph Ison,IVUS coronary vessels,488
2005-02-14,Brian Bernacchi,Redmond,Rudolph Ison,Consultation NOS,288
2005-02-14,Lori Camacho,Redmond,Kelly Steiner,Upper limb lymphangiogrm,348
2005-02-14,Thomas Liu,Redmond,Rudolph Ison,Skel xray-elbow | forearm,388
2005-02-14,Jay Marshall,Mill Creek,Rudolph Ison,IVUS peripheral vessels,488
2005-02-14,Christian Vicknair,Lynnwood,Rudolph Ison,Skel xray-wrist & hand,388
2005-02-14,Gytis Bowen,Lynnwood,Rudolph Ison,Interview & evaluat NOS,188
2005-02-15,Geri Vernon,Redmond,Kevin Mitchell,IVUS extracran cereb ves,448
2005-02-15,Cheryl Brundage,Lynnwood,Kevin Mitchell,Contrast arthrogram,238
2005-02-15,Susan Beasley,Lynnwood,Alan Frintu,Dx ultrasound-vascular,548
2005-02-15,Sean Logan,Lynnwood,Kevin Mitchell,Skel xray-elbow | forearm,388
