﻿CategoryID,CategoryName,ProductID,ProductName,UnitPrice,InventoryID,InventoryDate,Count,EmployeeID,Employee,Manager
1,Beverages,1,Chai,18,1,1/1/2017,39,5,Steven Buchanan,Andrew Fuller
1,Beverages,1,Chai,18,78,2/1/2017,49,7,Robert King,Steven Buchanan
1,Beverages,1,Chai,18,155,3/1/2017,59,9,Anne Dodsworth,Steven Buchanan
1,Beverages,2,Chang,19,2,1/1/2017,17,5,Steven Buchanan,Andrew Fuller
1,Beverages,2,Chang,19,79,2/1/2017,27,7,Robert King,Steven Buchanan
1,Beverages,2,Chang,19,156,3/1/2017,37,9,Anne Dodsworth,Steven Buchanan
1,Beverages,24,Guaraná Fantástica,4.5,24,1/1/2017,20,5,Steven Buchanan,Andrew Fuller
1,Beverages,24,Guaraná Fantástica,4.5,101,2/1/2017,30,7,Robert King,Steven Buchanan
1,Beverages,24,Guaraná Fantástica,4.5,178,3/1/2017,40,9,Anne Dodsworth,Steven Buchanan
1,Beverages,34,Sasquatch Ale,14,34,1/1/2017,111,5,Steven Buchanan,Andrew Fuller
1,Beverages,34,Sasquatch Ale,14,111,2/1/2017,121,7,Robert King,Steven Buchanan
1,Beverages,34,Sasquatch Ale,14,188,3/1/2017,131,9,Anne Dodsworth,Steven Buchanan
1,Beverages,35,Steeleye Stout,18,35,1/1/2017,20,5,Steven Buchanan,Andrew Fuller
1,Beverages,35,Steeleye Stout,18,112,2/1/2017,30,7,Robert King,Steven Buchanan
1,Beverages,35,Steeleye Stout,18,189,3/1/2017,40,9,Anne Dodsworth,Steven Buchanan
1,Beverages,38,Côte de Blaye,263.5,38,1/1/2017,17,5,Steven Buchanan,Andrew Fuller
1,Beverages,38,Côte de Blaye,263.5,115,2/1/2017,27,7,Robert King,Steven Buchanan
1,Beverages,38,Côte de Blaye,263.5,192,3/1/2017,37,9,Anne Dodsworth,Steven Buchanan
1,Beverages,39,Chartreuse verte,18,39,1/1/2017,69,5,Steven Buchanan,Andrew Fuller
1,Beverages,39,Chartreuse verte,18,116,2/1/2017,79,7,Robert King,Steven Buchanan
1,Beverages,39,Chartreuse verte,18,193,3/1/2017,89,9,Anne Dodsworth,Steven Buchanan
1,Beverages,43,Ipoh Coffee,46,43,1/1/2017,17,5,Steven Buchanan,Andrew Fuller
1,Beverages,43,Ipoh Coffee,46,120,2/1/2017,27,7,Robert King,Steven Buchanan
1,Beverages,43,Ipoh Coffee,46,197,3/1/2017,37,9,Anne Dodsworth,Steven Buchanan
1,Beverages,67,Laughing Lumberjack Lager,14,67,1/1/2017,52,5,Steven Buchanan,Andrew Fuller
1,Beverages,67,Laughing Lumberjack Lager,14,144,2/1/2017,62,7,Robert King,Steven Buchanan
1,Beverages,67,Laughing Lumberjack Lager,14,221,3/1/2017,72,9,Anne Dodsworth,Steven Buchanan
1,Beverages,70,Outback Lager,15,70,1/1/2017,15,5,Steven Buchanan,Andrew Fuller
1,Beverages,70,Outback Lager,15,147,2/1/2017,25,7,Robert King,Steven Buchanan
1,Beverages,70,Outback Lager,15,224,3/1/2017,35,9,Anne Dodsworth,Steven Buchanan
1,Beverages,75,Rhönbräu Klosterbier,7.75,75,1/1/2017,125,5,Steven Buchanan,Andrew Fuller
1,Beverages,75,Rhönbräu Klosterbier,7.75,152,2/1/2017,135,7,Robert King,Steven Buchanan
1,Beverages,75,Rhönbräu Klosterbier,7.75,229,3/1/2017,145,9,Anne Dodsworth,Steven Buchanan
1,Beverages,76,Lakkalikööri,18,76,1/1/2017,57,5,Steven Buchanan,Andrew Fuller
1,Beverages,76,Lakkalikööri,18,153,2/1/2017,67,7,Robert King,Steven Buchanan
1,Beverages,76,Lakkalikööri,18,230,3/1/2017,77,9,Anne Dodsworth,Steven Buchanan
2,Condiments,3,Aniseed Syrup,10,3,1/1/2017,13,5,Steven Buchanan,Andrew Fuller
2,Condiments,3,Aniseed Syrup,10,80,2/1/2017,23,7,Robert King,Steven Buchanan
2,Condiments,3,Aniseed Syrup,10,157,3/1/2017,33,9,Anne Dodsworth,Steven Buchanan
2,Condiments,4,Chef Anton's Cajun Seasoning,22,4,1/1/2017,53,5,Steven Buchanan,Andrew Fuller
2,Condiments,4,Chef Anton's Cajun Seasoning,22,81,2/1/2017,63,7,Robert King,Steven Buchanan
2,Condiments,4,Chef Anton's Cajun Seasoning,22,158,3/1/2017,73,9,Anne Dodsworth,Steven Buchanan
2,Condiments,5,Chef Anton's Gumbo Mix,21.35,5,1/1/2017,0,5,Steven Buchanan,Andrew Fuller
2,Condiments,5,Chef Anton's Gumbo Mix,21.35,82,2/1/2017,10,7,Robert King,Steven Buchanan
2,Condiments,5,Chef Anton's Gumbo Mix,21.35,159,3/1/2017,20,9,Anne Dodsworth,Steven Buchanan
2,Condiments,6,Grandma's Boysenberry Spread,25,6,1/1/2017,120,5,Steven Buchanan,Andrew Fuller
2,Condiments,6,Grandma's Boysenberry Spread,25,83,2/1/2017,130,7,Robert King,Steven Buchanan
2,Condiments,6,Grandma's Boysenberry Spread,25,160,3/1/2017,140,9,Anne Dodsworth,Steven Buchanan
2,Condiments,8,Northwoods Cranberry Sauce,40,8,1/1/2017,6,5,Steven Buchanan,Andrew Fuller
2,Condiments,8,Northwoods Cranberry Sauce,40,85,2/1/2017,16,7,Robert King,Steven Buchanan
2,Condiments,8,Northwoods Cranberry Sauce,40,162,3/1/2017,26,9,Anne Dodsworth,Steven Buchanan
2,Condiments,15,Genen Shouyu,15.5,15,1/1/2017,39,5,Steven Buchanan,Andrew Fuller
2,Condiments,15,Genen Shouyu,15.5,92,2/1/2017,49,7,Robert King,Steven Buchanan
2,Condiments,15,Genen Shouyu,15.5,169,3/1/2017,59,9,Anne Dodsworth,Steven Buchanan
2,Condiments,44,Gula Malacca,19.45,44,1/1/2017,27,5,Steven Buchanan,Andrew Fuller
2,Condiments,44,Gula Malacca,19.45,121,2/1/2017,37,7,Robert King,Steven Buchanan
2,Condiments,44,Gula Malacca,19.45,198,3/1/2017,47,9,Anne Dodsworth,Steven Buchanan
2,Condiments,61,Sirop d'érable,28.5,61,1/1/2017,113,5,Steven Buchanan,Andrew Fuller
2,Condiments,61,Sirop d'érable,28.5,138,2/1/2017,123,7,Robert King,Steven Buchanan
2,Condiments,61,Sirop d'érable,28.5,215,3/1/2017,133,9,Anne Dodsworth,Steven Buchanan
2,Condiments,63,Vegie-spread,43.9,63,1/1/2017,24,5,Steven Buchanan,Andrew Fuller
2,Condiments,63,Vegie-spread,43.9,140,2/1/2017,34,7,Robert King,Steven Buchanan
2,Condiments,63,Vegie-spread,43.9,217,3/1/2017,44,9,Anne Dodsworth,Steven Buchanan
2,Condiments,65,Louisiana Fiery Hot Pepper Sauce,21.05,65,1/1/2017,76,5,Steven Buchanan,Andrew Fuller
2,Condiments,65,Louisiana Fiery Hot Pepper Sauce,21.05,142,2/1/2017,86,7,Robert King,Steven Buchanan
2,Condiments,65,Louisiana Fiery Hot Pepper Sauce,21.05,219,3/1/2017,96,9,Anne Dodsworth,Steven Buchanan
2,Condiments,66,Louisiana Hot Spiced Okra,17,66,1/1/2017,4,5,Steven Buchanan,Andrew Fuller
2,Condiments,66,Louisiana Hot Spiced Okra,17,143,2/1/2017,14,7,Robert King,Steven Buchanan
2,Condiments,66,Louisiana Hot Spiced Okra,17,220,3/1/2017,24,9,Anne Dodsworth,Steven Buchanan
2,Condiments,77,Original Frankfurter grüne Soße,13,77,1/1/2017,32,5,Steven Buchanan,Andrew Fuller
2,Condiments,77,Original Frankfurter grüne Soße,13,154,2/1/2017,42,7,Robert King,Steven Buchanan
2,Condiments,77,Original Frankfurter grüne Soße,13,231,3/1/2017,52,9,Anne Dodsworth,Steven Buchanan
3,Confections,16,Pavlova,17.45,16,1/1/2017,29,5,Steven Buchanan,Andrew Fuller
3,Confections,16,Pavlova,17.45,93,2/1/2017,39,7,Robert King,Steven Buchanan
3,Confections,16,Pavlova,17.45,170,3/1/2017,49,9,Anne Dodsworth,Steven Buchanan
3,Confections,19,Teatime Chocolate Biscuits,9.2,19,1/1/2017,25,5,Steven Buchanan,Andrew Fuller
3,Confections,19,Teatime Chocolate Biscuits,9.2,96,2/1/2017,35,7,Robert King,Steven Buchanan
3,Confections,19,Teatime Chocolate Biscuits,9.2,173,3/1/2017,45,9,Anne Dodsworth,Steven Buchanan
3,Confections,20,Sir Rodney's Marmalade,81,20,1/1/2017,40,5,Steven Buchanan,Andrew Fuller
3,Confections,20,Sir Rodney's Marmalade,81,97,2/1/2017,50,7,Robert King,Steven Buchanan
3,Confections,20,Sir Rodney's Marmalade,81,174,3/1/2017,60,9,Anne Dodsworth,Steven Buchanan
3,Confections,21,Sir Rodney's Scones,10,21,1/1/2017,3,5,Steven Buchanan,Andrew Fuller
3,Confections,21,Sir Rodney's Scones,10,98,2/1/2017,13,7,Robert King,Steven Buchanan
3,Confections,21,Sir Rodney's Scones,10,175,3/1/2017,23,9,Anne Dodsworth,Steven Buchanan
3,Confections,25,NuNuCa Nuß-Nougat-Creme,14,25,1/1/2017,76,5,Steven Buchanan,Andrew Fuller
3,Confections,25,NuNuCa Nuß-Nougat-Creme,14,102,2/1/2017,86,7,Robert King,Steven Buchanan
3,Confections,25,NuNuCa Nuß-Nougat-Creme,14,179,3/1/2017,96,9,Anne Dodsworth,Steven Buchanan
3,Confections,26,Gumbär Gummibärchen,31.23,26,1/1/2017,15,5,Steven Buchanan,Andrew Fuller
3,Confections,26,Gumbär Gummibärchen,31.23,103,2/1/2017,25,7,Robert King,Steven Buchanan
3,Confections,26,Gumbär Gummibärchen,31.23,180,3/1/2017,35,9,Anne Dodsworth,Steven Buchanan
3,Confections,27,Schoggi Schokolade,43.9,27,1/1/2017,49,5,Steven Buchanan,Andrew Fuller
3,Confections,27,Schoggi Schokolade,43.9,104,2/1/2017,59,7,Robert King,Steven Buchanan
3,Confections,27,Schoggi Schokolade,43.9,181,3/1/2017,69,9,Anne Dodsworth,Steven Buchanan
3,Confections,47,Zaanse koeken,9.5,47,1/1/2017,36,5,Steven Buchanan,Andrew Fuller
3,Confections,47,Zaanse koeken,9.5,124,2/1/2017,46,7,Robert King,Steven Buchanan
3,Confections,47,Zaanse koeken,9.5,201,3/1/2017,56,9,Anne Dodsworth,Steven Buchanan
3,Confections,48,Chocolade,12.75,48,1/1/2017,15,5,Steven Buchanan,Andrew Fuller
3,Confections,48,Chocolade,12.75,125,2/1/2017,25,7,Robert King,Steven Buchanan
3,Confections,48,Chocolade,12.75,202,3/1/2017,35,9,Anne Dodsworth,Steven Buchanan
3,Confections,49,Maxilaku,20,49,1/1/2017,10,5,Steven Buchanan,Andrew Fuller
3,Confections,49,Maxilaku,20,126,2/1/2017,20,7,Robert King,Steven Buchanan
3,Confections,49,Maxilaku,20,203,3/1/2017,30,9,Anne Dodsworth,Steven Buchanan
3,Confections,50,Valkoinen suklaa,16.25,50,1/1/2017,65,5,Steven Buchanan,Andrew Fuller
3,Confections,50,Valkoinen suklaa,16.25,127,2/1/2017,75,7,Robert King,Steven Buchanan
3,Confections,50,Valkoinen suklaa,16.25,204,3/1/2017,85,9,Anne Dodsworth,Steven Buchanan
3,Confections,62,Tarte au sucre,49.3,62,1/1/2017,17,5,Steven Buchanan,Andrew Fuller
3,Confections,62,Tarte au sucre,49.3,139,2/1/2017,27,7,Robert King,Steven Buchanan
3,Confections,62,Tarte au sucre,49.3,216,3/1/2017,37,9,Anne Dodsworth,Steven Buchanan
3,Confections,68,Scottish Longbreads,12.5,68,1/1/2017,6,5,Steven Buchanan,Andrew Fuller
3,Confections,68,Scottish Longbreads,12.5,145,2/1/2017,16,7,Robert King,Steven Buchanan
3,Confections,68,Scottish Longbreads,12.5,222,3/1/2017,26,9,Anne Dodsworth,Steven Buchanan
4,Dairy Products,11,Queso Cabrales,21,11,1/1/2017,22,5,Steven Buchanan,Andrew Fuller
4,Dairy Products,11,Queso Cabrales,21,88,2/1/2017,32,7,Robert King,Steven Buchanan
4,Dairy Products,11,Queso Cabrales,21,165,3/1/2017,42,9,Anne Dodsworth,Steven Buchanan
4,Dairy Products,12,Queso Manchego La Pastora,38,12,1/1/2017,86,5,Steven Buchanan,Andrew Fuller
4,Dairy Products,12,Queso Manchego La Pastora,38,89,2/1/2017,96,7,Robert King,Steven Buchanan
4,Dairy Products,12,Queso Manchego La Pastora,38,166,3/1/2017,106,9,Anne Dodsworth,Steven Buchanan
4,Dairy Products,31,Gorgonzola Telino,12.5,31,1/1/2017,0,5,Steven Buchanan,Andrew Fuller
4,Dairy Products,31,Gorgonzola Telino,12.5,108,2/1/2017,10,7,Robert King,Steven Buchanan
4,Dairy Products,31,Gorgonzola Telino,12.5,185,3/1/2017,20,9,Anne Dodsworth,Steven Buchanan
4,Dairy Products,32,Mascarpone Fabioli,32,32,1/1/2017,9,5,Steven Buchanan,Andrew Fuller
4,Dairy Products,32,Mascarpone Fabioli,32,109,2/1/2017,19,7,Robert King,Steven Buchanan
4,Dairy Products,32,Mascarpone Fabioli,32,186,3/1/2017,29,9,Anne Dodsworth,Steven Buchanan
4,Dairy Products,33,Geitost,2.5,33,1/1/2017,112,5,Steven Buchanan,Andrew Fuller
4,Dairy Products,33,Geitost,2.5,110,2/1/2017,122,7,Robert King,Steven Buchanan
4,Dairy Products,33,Geitost,2.5,187,3/1/2017,132,9,Anne Dodsworth,Steven Buchanan
4,Dairy Products,59,Raclette Courdavault,55,59,1/1/2017,79,5,Steven Buchanan,Andrew Fuller
4,Dairy Products,59,Raclette Courdavault,55,136,2/1/2017,89,7,Robert King,Steven Buchanan
4,Dairy Products,59,Raclette Courdavault,55,213,3/1/2017,99,9,Anne Dodsworth,Steven Buchanan
4,Dairy Products,60,Camembert Pierrot,34,60,1/1/2017,19,5,Steven Buchanan,Andrew Fuller
4,Dairy Products,60,Camembert Pierrot,34,137,2/1/2017,29,7,Robert King,Steven Buchanan
4,Dairy Products,60,Camembert Pierrot,34,214,3/1/2017,39,9,Anne Dodsworth,Steven Buchanan
4,Dairy Products,69,Gudbrandsdalsost,36,69,1/1/2017,26,5,Steven Buchanan,Andrew Fuller
4,Dairy Products,69,Gudbrandsdalsost,36,146,2/1/2017,36,7,Robert King,Steven Buchanan
4,Dairy Products,69,Gudbrandsdalsost,36,223,3/1/2017,46,9,Anne Dodsworth,Steven Buchanan
4,Dairy Products,71,Flotemysost,21.5,71,1/1/2017,26,5,Steven Buchanan,Andrew Fuller
4,Dairy Products,71,Flotemysost,21.5,148,2/1/2017,36,7,Robert King,Steven Buchanan
4,Dairy Products,71,Flotemysost,21.5,225,3/1/2017,46,9,Anne Dodsworth,Steven Buchanan
4,Dairy Products,72,Mozzarella di Giovanni,34.8,72,1/1/2017,14,5,Steven Buchanan,Andrew Fuller
4,Dairy Products,72,Mozzarella di Giovanni,34.8,149,2/1/2017,24,7,Robert King,Steven Buchanan
4,Dairy Products,72,Mozzarella di Giovanni,34.8,226,3/1/2017,34,9,Anne Dodsworth,Steven Buchanan
5,Grains/Cereals,22,Gustaf's Knäckebröd,21,22,1/1/2017,104,5,Steven Buchanan,Andrew Fuller
5,Grains/Cereals,22,Gustaf's Knäckebröd,21,99,2/1/2017,114,7,Robert King,Steven Buchanan
5,Grains/Cereals,22,Gustaf's Knäckebröd,21,176,3/1/2017,124,9,Anne Dodsworth,Steven Buchanan
5,Grains/Cereals,23,Tunnbröd,9,23,1/1/2017,61,5,Steven Buchanan,Andrew Fuller
5,Grains/Cereals,23,Tunnbröd,9,100,2/1/2017,71,7,Robert King,Steven Buchanan
5,Grains/Cereals,23,Tunnbröd,9,177,3/1/2017,81,9,Anne Dodsworth,Steven Buchanan
5,Grains/Cereals,42,Singaporean Hokkien Fried Mee,14,42,1/1/2017,26,5,Steven Buchanan,Andrew Fuller
5,Grains/Cereals,42,Singaporean Hokkien Fried Mee,14,119,2/1/2017,36,7,Robert King,Steven Buchanan
5,Grains/Cereals,42,Singaporean Hokkien Fried Mee,14,196,3/1/2017,46,9,Anne Dodsworth,Steven Buchanan
5,Grains/Cereals,52,Filo Mix,7,52,1/1/2017,38,5,Steven Buchanan,Andrew Fuller
5,Grains/Cereals,52,Filo Mix,7,129,2/1/2017,48,7,Robert King,Steven Buchanan
5,Grains/Cereals,52,Filo Mix,7,206,3/1/2017,58,9,Anne Dodsworth,Steven Buchanan
5,Grains/Cereals,56,Gnocchi di nonna Alice,38,56,1/1/2017,21,5,Steven Buchanan,Andrew Fuller
5,Grains/Cereals,56,Gnocchi di nonna Alice,38,133,2/1/2017,31,7,Robert King,Steven Buchanan
5,Grains/Cereals,56,Gnocchi di nonna Alice,38,210,3/1/2017,41,9,Anne Dodsworth,Steven Buchanan
5,Grains/Cereals,57,Ravioli Angelo,19.5,57,1/1/2017,36,5,Steven Buchanan,Andrew Fuller
5,Grains/Cereals,57,Ravioli Angelo,19.5,134,2/1/2017,46,7,Robert King,Steven Buchanan
5,Grains/Cereals,57,Ravioli Angelo,19.5,211,3/1/2017,56,9,Anne Dodsworth,Steven Buchanan
5,Grains/Cereals,64,Wimmers gute Semmelknödel,33.25,64,1/1/2017,22,5,Steven Buchanan,Andrew Fuller
5,Grains/Cereals,64,Wimmers gute Semmelknödel,33.25,141,2/1/2017,32,7,Robert King,Steven Buchanan
5,Grains/Cereals,64,Wimmers gute Semmelknödel,33.25,218,3/1/2017,42,9,Anne Dodsworth,Steven Buchanan
6,Meat/Poultry,9,Mishi Kobe Niku,97,9,1/1/2017,29,5,Steven Buchanan,Andrew Fuller
6,Meat/Poultry,9,Mishi Kobe Niku,97,86,2/1/2017,39,7,Robert King,Steven Buchanan
6,Meat/Poultry,9,Mishi Kobe Niku,97,163,3/1/2017,49,9,Anne Dodsworth,Steven Buchanan
6,Meat/Poultry,17,Alice Mutton,39,17,1/1/2017,0,5,Steven Buchanan,Andrew Fuller
6,Meat/Poultry,17,Alice Mutton,39,94,2/1/2017,10,7,Robert King,Steven Buchanan
6,Meat/Poultry,17,Alice Mutton,39,171,3/1/2017,20,9,Anne Dodsworth,Steven Buchanan
6,Meat/Poultry,29,Thüringer Rostbratwurst,123.79,29,1/1/2017,0,5,Steven Buchanan,Andrew Fuller
6,Meat/Poultry,29,Thüringer Rostbratwurst,123.79,106,2/1/2017,10,7,Robert King,Steven Buchanan
6,Meat/Poultry,29,Thüringer Rostbratwurst,123.79,183,3/1/2017,20,9,Anne Dodsworth,Steven Buchanan
6,Meat/Poultry,53,Perth Pasties,32.8,53,1/1/2017,0,5,Steven Buchanan,Andrew Fuller
6,Meat/Poultry,53,Perth Pasties,32.8,130,2/1/2017,10,7,Robert King,Steven Buchanan
6,Meat/Poultry,53,Perth Pasties,32.8,207,3/1/2017,20,9,Anne Dodsworth,Steven Buchanan
6,Meat/Poultry,54,Tourtière,7.45,54,1/1/2017,21,5,Steven Buchanan,Andrew Fuller
6,Meat/Poultry,54,Tourtière,7.45,131,2/1/2017,31,7,Robert King,Steven Buchanan
6,Meat/Poultry,54,Tourtière,7.45,208,3/1/2017,41,9,Anne Dodsworth,Steven Buchanan
6,Meat/Poultry,55,Pâté chinois,24,55,1/1/2017,115,5,Steven Buchanan,Andrew Fuller
6,Meat/Poultry,55,Pâté chinois,24,132,2/1/2017,125,7,Robert King,Steven Buchanan
6,Meat/Poultry,55,Pâté chinois,24,209,3/1/2017,135,9,Anne Dodsworth,Steven Buchanan
7,Produce,7,Uncle Bob's Organic Dried Pears,30,7,1/1/2017,15,5,Steven Buchanan,Andrew Fuller
7,Produce,7,Uncle Bob's Organic Dried Pears,30,84,2/1/2017,25,7,Robert King,Steven Buchanan
7,Produce,7,Uncle Bob's Organic Dried Pears,30,161,3/1/2017,35,9,Anne Dodsworth,Steven Buchanan
7,Produce,14,Tofu,23.25,14,1/1/2017,35,5,Steven Buchanan,Andrew Fuller
7,Produce,14,Tofu,23.25,91,2/1/2017,45,7,Robert King,Steven Buchanan
7,Produce,14,Tofu,23.25,168,3/1/2017,55,9,Anne Dodsworth,Steven Buchanan
7,Produce,28,Rössle Sauerkraut,45.6,28,1/1/2017,26,5,Steven Buchanan,Andrew Fuller
7,Produce,28,Rössle Sauerkraut,45.6,105,2/1/2017,36,7,Robert King,Steven Buchanan
7,Produce,28,Rössle Sauerkraut,45.6,182,3/1/2017,46,9,Anne Dodsworth,Steven Buchanan
7,Produce,51,Manjimup Dried Apples,53,51,1/1/2017,20,5,Steven Buchanan,Andrew Fuller
7,Produce,51,Manjimup Dried Apples,53,128,2/1/2017,30,7,Robert King,Steven Buchanan
7,Produce,51,Manjimup Dried Apples,53,205,3/1/2017,40,9,Anne Dodsworth,Steven Buchanan
7,Produce,74,Longlife Tofu,10,74,1/1/2017,4,5,Steven Buchanan,Andrew Fuller
7,Produce,74,Longlife Tofu,10,151,2/1/2017,14,7,Robert King,Steven Buchanan
7,Produce,74,Longlife Tofu,10,228,3/1/2017,24,9,Anne Dodsworth,Steven Buchanan
8,Seafood,10,Ikura,31,10,1/1/2017,31,5,Steven Buchanan,Andrew Fuller
8,Seafood,10,Ikura,31,87,2/1/2017,41,7,Robert King,Steven Buchanan
8,Seafood,10,Ikura,31,164,3/1/2017,51,9,Anne Dodsworth,Steven Buchanan
8,Seafood,13,Konbu,6,13,1/1/2017,24,5,Steven Buchanan,Andrew Fuller
8,Seafood,13,Konbu,6,90,2/1/2017,34,7,Robert King,Steven Buchanan
8,Seafood,13,Konbu,6,167,3/1/2017,44,9,Anne Dodsworth,Steven Buchanan
8,Seafood,18,Carnarvon Tigers,62.5,18,1/1/2017,42,5,Steven Buchanan,Andrew Fuller
8,Seafood,18,Carnarvon Tigers,62.5,95,2/1/2017,52,7,Robert King,Steven Buchanan
8,Seafood,18,Carnarvon Tigers,62.5,172,3/1/2017,62,9,Anne Dodsworth,Steven Buchanan
8,Seafood,30,Nord-Ost Matjeshering,25.89,30,1/1/2017,10,5,Steven Buchanan,Andrew Fuller
8,Seafood,30,Nord-Ost Matjeshering,25.89,107,2/1/2017,20,7,Robert King,Steven Buchanan
8,Seafood,30,Nord-Ost Matjeshering,25.89,184,3/1/2017,30,9,Anne Dodsworth,Steven Buchanan
8,Seafood,36,Inlagd Sill,19,36,1/1/2017,112,5,Steven Buchanan,Andrew Fuller
8,Seafood,36,Inlagd Sill,19,113,2/1/2017,122,7,Robert King,Steven Buchanan
8,Seafood,36,Inlagd Sill,19,190,3/1/2017,132,9,Anne Dodsworth,Steven Buchanan
8,Seafood,37,Gravad lax,26,37,1/1/2017,11,5,Steven Buchanan,Andrew Fuller
8,Seafood,37,Gravad lax,26,114,2/1/2017,21,7,Robert King,Steven Buchanan
8,Seafood,37,Gravad lax,26,191,3/1/2017,31,9,Anne Dodsworth,Steven Buchanan
8,Seafood,40,Boston Crab Meat,18.4,40,1/1/2017,123,5,Steven Buchanan,Andrew Fuller
8,Seafood,40,Boston Crab Meat,18.4,117,2/1/2017,133,7,Robert King,Steven Buchanan
8,Seafood,40,Boston Crab Meat,18.4,194,3/1/2017,143,9,Anne Dodsworth,Steven Buchanan
8,Seafood,41,Jack's New England Clam Chowder,9.65,41,1/1/2017,85,5,Steven Buchanan,Andrew Fuller
8,Seafood,41,Jack's New England Clam Chowder,9.65,118,2/1/2017,95,7,Robert King,Steven Buchanan
8,Seafood,41,Jack's New England Clam Chowder,9.65,195,3/1/2017,105,9,Anne Dodsworth,Steven Buchanan
8,Seafood,45,Rogede sild,9.5,45,1/1/2017,5,5,Steven Buchanan,Andrew Fuller
8,Seafood,45,Rogede sild,9.5,122,2/1/2017,15,7,Robert King,Steven Buchanan
8,Seafood,45,Rogede sild,9.5,199,3/1/2017,25,9,Anne Dodsworth,Steven Buchanan
8,Seafood,46,Spegesild,12,46,1/1/2017,95,5,Steven Buchanan,Andrew Fuller
8,Seafood,46,Spegesild,12,123,2/1/2017,105,7,Robert King,Steven Buchanan
8,Seafood,46,Spegesild,12,200,3/1/2017,115,9,Anne Dodsworth,Steven Buchanan
8,Seafood,58,Escargots de Bourgogne,13.25,58,1/1/2017,62,5,Steven Buchanan,Andrew Fuller
8,Seafood,58,Escargots de Bourgogne,13.25,135,2/1/2017,72,7,Robert King,Steven Buchanan
8,Seafood,58,Escargots de Bourgogne,13.25,212,3/1/2017,82,9,Anne Dodsworth,Steven Buchanan
8,Seafood,73,Röd Kaviar,15,73,1/1/2017,101,5,Steven Buchanan,Andrew Fuller
8,Seafood,73,Röd Kaviar,15,150,2/1/2017,111,7,Robert King,Steven Buchanan
8,Seafood,73,Röd Kaviar,15,227,3/1/2017,121,9,Anne Dodsworth,Steven Buchanan
